BUTIKKLOKALE_ID;KUNDENUMMER;KUNDENAVN;LEVERING_DT_TD;STOPPTID_LAGER;RUTE_ID;LEVERANSE_ID
22 984;639 963;KIWI 141 Meierikvartalet;11.04.2019 08:30:00;10.31.2019 21:00:00;6991;316771
22 984;639 963;KIWI 141 Meierikvartalet;11.05.2019 12:30:00;11.01.2019 10:00:00;1992;316775
22 984;639 963;KIWI 141 Meierikvartalet;11.06.2019 13:00:00;11.04.2019 09:00:00;2992;316776
22 984;639 963;KIWI 141 Meierikvartalet;11.07.2019 13:00:00;11.05.2019 09:00:00;3992;316777
22 984;639 963;KIWI 141 Meierikvartalet;11.08.2019 12:00:00;11.06.2019 09:00:00;4992;316786
3 325;383 711;Kiwi 101 Oppdal;11.04.2019 09:00:00;11.01.2019 09:00:00;1113;13716
3 325;383 711;Kiwi 101 Oppdal;11.05.2019 09:00:00;11.03.2019 21:00:00;2122;14293
3 325;383 711;Kiwi 101 Oppdal;11.06.2019 08:30:00;11.04.2019 21:00:00;3117;14506
3 325;383 711;Kiwi 101 Oppdal;11.07.2019 09:00:00;11.05.2019 21:00:00;4105;14547
3 325;383 711;Kiwi 101 Oppdal;11.08.2019 09:00:00;11.06.2019 21:00:00;5106;14985
4 520;383 877;Kiwi 102 Røros;11.04.2019 10:30:00;11.01.2019 09:00:00;1123;29126
4 520;383 877;Kiwi 102 Røros;11.05.2019 09:00:00;11.03.2019 21:00:00;2117;14268
4 520;383 877;Kiwi 102 Røros;11.06.2019 17:00:00;11.05.2019 10:00:00;3899;73959
4 520;383 877;Kiwi 102 Røros;11.07.2019 10:30:00;11.05.2019 21:00:00;4107;14663
4 520;383 877;Kiwi 102 Røros;11.08.2019 18:05:00;11.07.2019 10:00:00;5598;13979
4 557;384 867;Kiwi 104 Moholt;11.04.2019 12:30:00;11.01.2019 13:00:00;1235;13841
4 557;384 867;Kiwi 104 Moholt;11.05.2019 08:00:00;11.03.2019 21:00:00;2110;14181
4 557;384 867;Kiwi 104 Moholt;11.06.2019 08:30:00;11.04.2019 21:00:00;3125;15939
4 557;384 867;Kiwi 104 Moholt;11.07.2019 15:00:00;11.06.2019 13:00:00;4431;57609
4 557;384 867;Kiwi 104 Moholt;11.08.2019 08:45:00;11.06.2019 21:00:00;5119;29178
4 564;384 974;Kiwi 105 Holmen;11.04.2019 09:20:00;11.01.2019 09:00:00;1121;33508
4 564;384 974;Kiwi 105 Holmen;11.05.2019 11:30:00;11.03.2019 21:00:00;2115;12259
4 564;384 974;Kiwi 105 Holmen;11.06.2019 10:00:00;11.04.2019 21:00:00;3132;34005
4 564;384 974;Kiwi 105 Holmen;11.07.2019 10:00:00;11.05.2019 21:00:00;4119;14743
4 564;384 974;Kiwi 105 Holmen;11.08.2019 08:30:00;11.06.2019 21:00:00;5107;29170
4 613;502 930;Kiwi 106 Ytteren;11.04.2019 04:00:00;10.31.2019 21:00:00;6190;26728
4 613;502 930;Kiwi 106 Ytteren;11.05.2019 04:00:00;11.01.2019 10:00:00;1190;21495
4 613;502 930;Kiwi 106 Ytteren;11.06.2019 04:00:00;11.04.2019 10:00:00;2190;78249
4 613;502 930;Kiwi 106 Ytteren;11.08.2019 04:00:00;11.06.2019 10:00:00;4190;56387
4 894;908 632;Kiwi 107 Stormyra;11.04.2019 12:00:00;10.31.2019 21:00:00;6992;40323
4 894;908 632;Kiwi 107 Stormyra;11.05.2019 08:30:00;11.01.2019 10:00:00;1991;72535
4 894;908 632;Kiwi 107 Stormyra;11.06.2019 08:00:00;11.04.2019 09:00:00;2991;31458
4 894;908 632;Kiwi 107 Stormyra;11.07.2019 11:00:00;11.05.2019 09:00:00;3992;12249
4 894;908 632;Kiwi 107 Stormyra;11.08.2019 08:00:00;11.06.2019 09:00:00;4991;15090
4 902;908 277;Kiwi 108 Nordsia;11.04.2019 10:30:00;11.01.2019 09:00:00;1132;23825
4 902;908 277;Kiwi 108 Nordsia;11.05.2019 10:00:00;11.03.2019 21:00:00;2103;14234
4 902;908 277;Kiwi 108 Nordsia;11.06.2019 16:00:00;11.05.2019 13:00:00;3433;57601
4 902;908 277;Kiwi 108 Nordsia;11.07.2019 10:00:00;11.05.2019 21:00:00;4114;31876
4 902;908 277;Kiwi 108 Nordsia;11.08.2019 09:00:00;11.06.2019 21:00:00;5116;15043
4 902;908 277;Kiwi 108 Nordsia;11.09.2019 09:00:00;11.07.2019 21:00:00;6333;33360
4 923;910 646;Kiwi 109 Moan;11.04.2019 09:30:00;11.01.2019 09:00:00;1107;13673
4 923;910 646;Kiwi 109 Moan;11.05.2019 09:45:00;11.03.2019 21:00:00;2132;14194
4 923;910 646;Kiwi 109 Moan;11.06.2019 08:30:00;11.04.2019 21:00:00;3135;25242
4 923;910 646;Kiwi 109 Moan;11.08.2019 09:00:00;11.06.2019 21:00:00;5103;15011
5 017;936 732;Kiwi 111 Buvika;11.04.2019 08:00:00;11.01.2019 09:00:00;1119;44314
5 017;936 732;Kiwi 111 Buvika;11.06.2019 07:30:00;11.04.2019 21:00:00;3121;14454
5 017;936 732;Kiwi 111 Buvika;11.07.2019 14:00:00;11.06.2019 13:00:00;4433;57611
5 017;936 732;Kiwi 111 Buvika;11.08.2019 07:30:00;11.06.2019 21:00:00;5135;25274
4 930;980 433;Kiwi 112 Kirkegata Levanger;11.04.2019 10:15:00;11.01.2019 09:00:00;1107;13675
4 930;980 433;Kiwi 112 Kirkegata Levanger;11.05.2019 09:15:00;11.03.2019 21:00:00;2132;14219
4 930;980 433;Kiwi 112 Kirkegata Levanger;11.06.2019 09:00:00;11.04.2019 21:00:00;3135;25244
4 930;980 433;Kiwi 112 Kirkegata Levanger;11.07.2019 09:30:00;11.05.2019 21:00:00;4110;14669
4 930;980 433;Kiwi 112 Kirkegata Levanger;11.08.2019 09:00:00;11.06.2019 21:00:00;5110;15012
4 817;980 821;Kiwi 113 Orkanger;11.04.2019 09:00:00;11.01.2019 09:00:00;1119;23063
4 817;980 821;Kiwi 113 Orkanger;11.05.2019 16:00:00;11.04.2019 13:00:00;2425;57589
4 817;980 821;Kiwi 113 Orkanger;11.06.2019 08:00:00;11.04.2019 21:00:00;3121;14455
4 817;980 821;Kiwi 113 Orkanger;11.07.2019 15:30:00;11.06.2019 13:00:00;4433;57612
4 817;980 821;Kiwi 113 Orkanger;11.08.2019 08:00:00;11.06.2019 21:00:00;5135;25280
5 460;215 020;Kiwi 114 Tiller;11.04.2019 14:30:00;11.01.2019 13:00:00;1401;296035
5 460;215 020;Kiwi 114 Tiller;11.05.2019 15:00:00;11.04.2019 13:00:00;2425;296036
5 460;215 020;Kiwi 114 Tiller;11.06.2019 19:00:00;11.05.2019 13:00:00;3502;296037
5 460;215 020;Kiwi 114 Tiller;11.07.2019 11:30:00;11.06.2019 10:00:00;4203;43959
5 460;215 020;Kiwi 114 Tiller;11.08.2019 07:00:00;11.06.2019 21:00:00;5121;34010
5 580;226 084;Kiwi 115 Mindes Hus;11.04.2019 14:30:00;11.01.2019 13:00:00;1425;57586
5 580;226 084;Kiwi 115 Mindes Hus;11.06.2019 07:50:00;11.04.2019 21:00:00;3110;14480
5 580;226 084;Kiwi 115 Mindes Hus;11.07.2019 08:45:00;11.05.2019 21:00:00;4119;30701
5 580;226 084;Kiwi 115 Mindes Hus;11.08.2019 09:00:00;11.06.2019 21:00:00;5107;29172
7 300;400 044;Kiwi 116 Brønnøysund;11.05.2019 05:30:00;11.01.2019 09:00:00;1126;13758
7 300;400 044;Kiwi 116 Brønnøysund;11.06.2019 08:00:00;11.04.2019 10:00:00;2599;78250
7 300;400 044;Kiwi 116 Brønnøysund;11.07.2019 08:00:00;11.05.2019 10:00:00;3299;25227
7 300;400 044;Kiwi 116 Brønnøysund;11.08.2019 08:00:00;11.06.2019 10:00:00;4299;14829
7 300;400 044;Kiwi 116 Brønnøysund;11.04.2019 08:00:00;10.31.2019 12:00:00;6299;72229
12 242;797 167;Kiwi 117 Frosta;11.04.2019 11:15:00;11.01.2019 09:00:00;1110;57744
12 242;797 167;Kiwi 117 Frosta;11.05.2019 08:30:00;11.03.2019 21:00:00;2111;75990
12 242;797 167;Kiwi 117 Frosta;11.06.2019 11:00:00;11.04.2019 21:00:00;3132;57745
12 242;797 167;Kiwi 117 Frosta;11.08.2019 10:15:00;11.06.2019 21:00:00;5113;57740
6 861;373 787;Kiwi 118 Kyrksæterøra;11.04.2019 08:45:00;11.01.2019 09:00:00;1111;29132
6 861;373 787;Kiwi 118 Kyrksæterøra;11.05.2019 09:00:00;11.01.2019 13:00:00;2298;59296
6 861;373 787;Kiwi 118 Kyrksæterøra;11.06.2019 09:00:00;11.04.2019 21:00:00;3134;29096
6 861;373 787;Kiwi 118 Kyrksæterøra;11.08.2019 09:30:00;11.06.2019 21:00:00;5798;14054
12 223;796 789;Kiwi 119 Åfjord.;11.04.2019 09:00:00;11.01.2019 09:00:00;1106;57760
12 223;796 789;Kiwi 119 Åfjord.;11.05.2019 11:00:00;11.03.2019 21:00:00;2116;85023
12 223;796 789;Kiwi 119 Åfjord.;11.06.2019 09:00:00;11.04.2019 21:00:00;3105;57761
12 223;796 789;Kiwi 119 Åfjord.;11.07.2019 09:30:00;11.05.2019 21:00:00;4102;336784
12 223;796 789;Kiwi 119 Åfjord.;11.08.2019 10:00:00;11.06.2019 21:00:00;5104;57762
7 100;391 003;Kiwi 120 Bjugn;11.04.2019 11:00:00;11.01.2019 09:00:00;1106;36424
7 100;391 003;Kiwi 120 Bjugn;11.06.2019 10:30:00;11.04.2019 21:00:00;3105;50482
7 100;391 003;Kiwi 120 Bjugn;11.07.2019 09:45:00;11.05.2019 21:00:00;4102;25268
7 100;391 003;Kiwi 120 Bjugn;11.08.2019 11:00:00;11.06.2019 21:00:00;5104;14997
4 883;392 142;Kiwi 121 Namsos;11.04.2019 11:45:00;11.01.2019 09:00:00;1114;13723
4 883;392 142;Kiwi 121 Namsos;11.05.2019 11:45:00;11.03.2019 21:00:00;2107;40512
4 883;392 142;Kiwi 121 Namsos;11.06.2019 11:15:00;11.04.2019 21:00:00;3116;14497
4 883;392 142;Kiwi 121 Namsos;11.07.2019 11:15:00;11.05.2019 21:00:00;4112;14684
4 883;392 142;Kiwi 121 Namsos;11.08.2019 08:00:00;11.06.2019 10:00:00;4799;14958
8 260;411 249;Kiwi 122 Sannan;11.04.2019 09:30:00;11.01.2019 09:00:00;1132;23824
8 260;411 249;Kiwi 122 Sannan;11.05.2019 17:30:00;11.04.2019 13:00:00;2433;57591
8 260;411 249;Kiwi 122 Sannan;11.06.2019 11:00:00;11.04.2019 21:00:00;3110;30813
8 260;411 249;Kiwi 122 Sannan;11.08.2019 08:30:00;11.06.2019 21:00:00;5116;15053
9 940;301 234;Kiwi 123 Ranheim;11.04.2019 12:30:00;11.01.2019 13:00:00;1204;45156
9 940;301 234;Kiwi 123 Ranheim;11.06.2019 12:30:00;11.05.2019 13:00:00;3206;15865
9 940;301 234;Kiwi 123 Ranheim;11.07.2019 15:30:00;11.06.2019 13:00:00;4431;57608
9 940;301 234;Kiwi 123 Ranheim;11.08.2019 09:30:00;11.06.2019 21:00:00;5119;29603
4 299;405 019;Kiwi 125 Frøya;11.04.2019 09:00:00;11.01.2019 09:00:00;1105;38635
4 299;405 019;Kiwi 125 Frøya;11.05.2019 09:00:00;11.01.2019 13:00:00;2198;60423
4 299;405 019;Kiwi 125 Frøya;11.06.2019 10:30:00;11.04.2019 21:00:00;3104;29086
4 299;405 019;Kiwi 125 Frøya;11.07.2019 06:45:00;11.05.2019 13:00:00;4198;289307
4 299;405 019;Kiwi 125 Frøya;11.08.2019 09:30:00;11.06.2019 21:00:00;5102;29151
2 115;277 210;Kiwi 126 Selbu;11.04.2019 09:30:00;11.01.2019 09:00:00;1115;11986
2 115;277 210;Kiwi 126 Selbu;11.05.2019 10:00:00;11.03.2019 21:00:00;2121;15854
2 115;277 210;Kiwi 126 Selbu;11.06.2019 10:30:00;11.04.2019 21:00:00;3124;100880
2 115;277 210;Kiwi 126 Selbu;11.07.2019 10:45:00;11.05.2019 21:00:00;4111;14682
2 115;277 210;Kiwi 126 Selbu;11.08.2019 09:40:00;11.06.2019 21:00:00;5134;12031
1 891;421 735;Kiwi 127 Sandnessjøen;11.04.2019 18:00:00;11.01.2019 10:00:00;1499;72029
1 891;421 735;Kiwi 127 Sandnessjøen;11.06.2019 08:00:00;11.04.2019 10:00:00;2199;78251
1 891;421 735;Kiwi 127 Sandnessjøen;11.07.2019 11:30:00;11.05.2019 10:00:00;3115;41390
1 891;421 735;Kiwi 127 Sandnessjøen;11.08.2019 08:00:00;11.06.2019 10:00:00;4199;21153
1 891;421 735;Kiwi 127 Sandnessjøen;11.09.2019 08:00:00;11.07.2019 10:00:00;5299;86231
10 380;453 308;Kiwi 128 Rønvika;11.04.2019 08:20:00;10.31.2019 21:00:00;6991;30650
10 380;453 308;Kiwi 128 Rønvika;11.05.2019 09:30:00;11.01.2019 10:00:00;1992;268534
10 380;453 308;Kiwi 128 Rønvika;11.06.2019 10:15:00;11.04.2019 09:00:00;2992;37234
10 380;453 308;Kiwi 128 Rønvika;11.07.2019 08:15:00;11.05.2019 09:00:00;3991;14810
10 380;453 308;Kiwi 128 Rønvika;11.08.2019 10:30:00;11.06.2019 09:00:00;4992;27641
4 948;279 810;Kiwi 129 Støren;11.04.2019 08:30:00;11.01.2019 09:00:00;1123;29112
4 948;279 810;Kiwi 129 Støren;11.05.2019 15:30:00;11.04.2019 13:00:00;2401;57594
4 948;279 810;Kiwi 129 Støren;11.06.2019 11:00:00;11.05.2019 10:00:00;3207;29867
4 948;279 810;Kiwi 129 Støren;11.07.2019 17:30:00;11.06.2019 13:00:00;4433;57610
4 948;279 810;Kiwi 129 Støren;11.08.2019 08:00:00;11.06.2019 21:00:00;5123;23064
12 243;797 225;Kiwi 130 Påls vei;11.04.2019 11:00:00;10.31.2019 21:00:00;6992;58803
12 243;797 225;Kiwi 130 Påls vei;11.05.2019 13:30:00;11.01.2019 10:00:00;1992;59303
12 243;797 225;Kiwi 130 Påls vei;11.06.2019 08:15:00;11.04.2019 09:00:00;2991;58804
12 243;797 225;Kiwi 130 Påls vei;11.07.2019 11:00:00;11.05.2019 09:00:00;3992;60408
12 243;797 225;Kiwi 130 Påls vei;11.08.2019 13:00:00;11.06.2019 09:00:00;4992;58805
13 282;964 478;Kiwi 131 Munkegata;11.04.2019 06:00:00;11.01.2019 09:00:00;1108;61692
13 282;964 478;Kiwi 131 Munkegata;11.05.2019 06:00:00;11.03.2019 21:00:00;2105;62228
13 282;964 478;Kiwi 131 Munkegata;11.06.2019 06:00:00;11.04.2019 21:00:00;3113;61693
13 282;964 478;Kiwi 131 Munkegata;11.07.2019 06:00:00;11.05.2019 21:00:00;4108;63396
13 282;964 478;Kiwi 131 Munkegata;11.08.2019 06:00:00;11.06.2019 21:00:00;5108;61694
13 842;694 596;Kiwi 132 Nardobakken;11.04.2019 11:45:00;11.01.2019 13:00:00;1203;67290
13 842;694 596;Kiwi 132 Nardobakken;11.05.2019 11:15:00;11.04.2019 10:00:00;2235;67292
13 842;694 596;Kiwi 132 Nardobakken;11.06.2019 11:30:00;11.05.2019 10:00:00;3203;67294
13 842;694 596;Kiwi 132 Nardobakken;11.07.2019 08:00:00;11.05.2019 21:00:00;4132;67295
13 842;694 596;Kiwi 132 Nardobakken;11.08.2019 07:10:00;11.06.2019 21:00:00;5121;67296
15 002;987 594;Kiwi 134 Langneset;11.04.2019 04:00:00;10.31.2019 21:00:00;6190;76039
15 002;987 594;Kiwi 134 Langneset;11.05.2019 04:00:00;11.01.2019 10:00:00;1190;76040
15 002;987 594;Kiwi 134 Langneset;11.06.2019 04:00:00;11.04.2019 10:00:00;2190;76041
15 002;987 594;Kiwi 134 Langneset;11.08.2019 04:00:00;11.06.2019 10:00:00;4190;76043
1 880;606 178;Kiwi 135 Rørvik;11.04.2019 07:30:00;10.31.2019 10:00:00;5399;84971
1 880;606 178;Kiwi 135 Rørvik;11.05.2019 07:30:00;11.01.2019 10:00:00;1599;84972
1 880;606 178;Kiwi 135 Rørvik;11.07.2019 07:30:00;11.05.2019 10:00:00;3199;84973
1 880;606 178;Kiwi 135 Rørvik;11.08.2019 07:00:00;11.06.2019 10:00:00;4399;84974
15 582;606 509;Kiwi 136 Nyrud;11.04.2019 07:00:00;10.31.2019 21:00:00;6299;85096
15 582;606 509;Kiwi 136 Nyrud;11.05.2019 07:00:00;11.01.2019 10:00:00;1399;85098
15 582;606 509;Kiwi 136 Nyrud;11.06.2019 07:30:00;11.04.2019 10:00:00;2399;85099
15 582;606 509;Kiwi 136 Nyrud;11.07.2019 07:00:00;11.05.2019 10:00:00;3599;85100
15 582;606 509;Kiwi 136 Nyrud;11.08.2019 06:30:00;11.06.2019 10:00:00;4999;85101
15 822;608 935;Kiwi 137 Valentinlyst;11.04.2019 11:15:00;11.01.2019 10:00:00;1209;85356
15 822;608 935;Kiwi 137 Valentinlyst;11.05.2019 08:30:00;11.03.2019 21:00:00;2137;85364
15 822;608 935;Kiwi 137 Valentinlyst;11.06.2019 15:15:00;11.05.2019 13:00:00;3431;98560
15 822;608 935;Kiwi 137 Valentinlyst;11.07.2019 10:30:00;11.06.2019 10:00:00;4218;85366
15 822;608 935;Kiwi 137 Valentinlyst;11.08.2019 08:30:00;11.06.2019 21:00:00;5117;85367
19 403;514 760;Kiwi 138 Dalgård;11.04.2019 08:30:00;11.01.2019 09:00:00;1109;230784
19 403;514 760;Kiwi 138 Dalgård;11.05.2019 08:00:00;11.03.2019 21:00:00;2125;230785
19 403;514 760;Kiwi 138 Dalgård;11.06.2019 09:15:00;11.04.2019 21:00:00;3112;230786
19 403;514 760;Kiwi 138 Dalgård;11.07.2019 08:15:00;11.05.2019 21:00:00;4125;230787
19 403;514 760;Kiwi 138 Dalgård;11.08.2019 08:45:00;11.06.2019 21:00:00;5124;230788
21 484;562 900;Kiwi 139 Strinda;11.04.2019 07:30:00;11.01.2019 09:00:00;1101;264698
21 484;562 900;Kiwi 139 Strinda;11.05.2019 08:00:00;11.03.2019 21:00:00;2135;268468
21 484;562 900;Kiwi 139 Strinda;11.06.2019 15:00:00;11.05.2019 13:00:00;3402;264701
21 484;562 900;Kiwi 139 Strinda;11.07.2019 15:45:00;11.06.2019 13:00:00;4401;264702
21 484;562 900;Kiwi 139 Strinda;11.08.2019 16:00:00;11.07.2019 13:00:00;5402;264703
58;380 642;SPAR Brønnøysund;11.04.2019 13:40:00;11.01.2019 09:00:00;1126;13756
58;380 642;SPAR Brønnøysund;11.06.2019 09:30:00;11.04.2019 10:00:00;2599;95984
58;380 642;SPAR Brønnøysund;11.07.2019 08:00:00;11.05.2019 10:00:00;3299;25226
58;380 642;SPAR Brønnøysund;11.08.2019 08:00:00;11.06.2019 10:00:00;4299;14828
4 569;722 553;SPAR Dampsaga;11.04.2019 11:30:00;11.01.2019 09:00:00;1117;95975
4 569;722 553;SPAR Dampsaga;11.05.2019 17:00:00;11.04.2019 13:00:00;2402;95977
4 569;722 553;SPAR Dampsaga;11.07.2019 09:30:00;11.05.2019 21:00:00;4898;95978
4 569;722 553;SPAR Dampsaga;11.08.2019 11:00:00;11.06.2019 21:00:00;5116;95980
1 116;384 776;SPAR Hamarøy;11.04.2019 15:30:00;10.31.2019 21:00:00;6991;13848
1 116;384 776;SPAR Hamarøy;11.07.2019 15:30:00;11.05.2019 09:00:00;3991;14869
868;391 045;SPAR Hegra;11.04.2019 09:00:00;11.01.2019 09:00:00;1110;57956
868;391 045;SPAR Hegra;11.06.2019 08:30:00;11.04.2019 21:00:00;3132;57971
868;391 045;SPAR Hegra;11.07.2019 15:00:00;11.06.2019 13:00:00;4402;74216
868;391 045;SPAR Hegra;11.08.2019 09:00:00;11.06.2019 21:00:00;5107;57937
15 624;609 230;SPAR Melhus;11.04.2019 08:00:00;11.01.2019 09:00:00;1131;85368
15 624;609 230;SPAR Melhus;11.05.2019 12:00:00;11.04.2019 10:00:00;2210;85358
15 624;609 230;SPAR Melhus;11.06.2019 12:00:00;11.05.2019 10:00:00;3225;85359
15 624;609 230;SPAR Melhus;11.07.2019 08:45:00;11.05.2019 21:00:00;4131;85360
15 624;609 230;SPAR Melhus;11.08.2019 08:30:00;11.06.2019 21:00:00;5114;85361
2 127;634 907;EUROSPAR Bodø;11.04.2019 06:45:00;10.31.2019 21:00:00;6991;38847
2 127;634 907;EUROSPAR Bodø;11.05.2019 07:15:00;11.01.2019 10:00:00;1991;27825
2 127;634 907;EUROSPAR Bodø;11.06.2019 06:30:00;11.04.2019 09:00:00;2991;14567
2 127;634 907;EUROSPAR Bodø;11.07.2019 07:15:00;11.05.2019 09:00:00;3991;30648
2 127;634 907;EUROSPAR Bodø;11.08.2019 07:00:00;11.06.2019 09:00:00;4991;12253
7 000;374 710;EUROSPAR Hunstad;11.04.2019 09:00:00;10.31.2019 21:00:00;6992;13825
7 000;374 710;EUROSPAR Hunstad;11.05.2019 09:30:00;11.01.2019 10:00:00;1992;41538
7 000;374 710;EUROSPAR Hunstad;11.06.2019 09:00:00;11.04.2019 09:00:00;2992;36942
7 000;374 710;EUROSPAR Hunstad;11.07.2019 08:00:00;11.05.2019 09:00:00;3991;30652
7 000;374 710;EUROSPAR Hunstad;11.08.2019 07:30:00;11.06.2019 09:00:00;4991;56939
15 625;609 438;EUROSPAR Koch Bodø;11.04.2019 07:00:00;10.31.2019 21:00:00;6991;86052
15 625;609 438;EUROSPAR Koch Bodø;11.05.2019 07:45:00;11.01.2019 10:00:00;1991;268521
15 625;609 438;EUROSPAR Koch Bodø;11.06.2019 12:30:00;11.04.2019 09:00:00;2992;86054
15 625;609 438;EUROSPAR Koch Bodø;11.07.2019 07:00:00;11.05.2019 09:00:00;3991;86055
15 625;609 438;EUROSPAR Koch Bodø;11.08.2019 07:45:00;11.06.2019 09:00:00;4991;86056
2 303;634 246;Joker Halsa;11.04.2019 15:00:00;10.31.2019 21:00:00;6991;13803
2 303;634 246;Joker Halsa;11.07.2019 14:30:00;11.05.2019 09:00:00;3991;14798
386;391 086;Joker Knarrlagsund;11.04.2019 09:30:00;11.01.2019 09:00:00;1105;38640
386;391 086;Joker Knarrlagsund;11.06.2019 08:00:00;11.04.2019 21:00:00;3104;29080
386;391 086;Joker Knarrlagsund;11.08.2019 09:30:00;11.06.2019 21:00:00;5101;29158
15 626;544 817;Joker Mørkved;11.05.2019 09:30:00;11.01.2019 10:00:00;1992;232716
15 626;544 817;Joker Mørkved;11.07.2019 11:00:00;11.05.2019 09:00:00;3992;232717
15 626;544 817;Joker Mørkved;11.08.2019 08:00:00;11.06.2019 09:00:00;4991;232715
7 880;884 718;Joker Nerskogen;11.05.2019 10:00:00;11.03.2019 21:00:00;2134;29983
7 880;884 718;Joker Nerskogen;11.08.2019 11:00:00;11.06.2019 21:00:00;5123;23070
1 890;936 807;Joker Røst;11.04.2019 20:00:00;10.31.2019 21:00:00;6992;36958
1 890;936 807;Joker Røst;11.05.2019 20:00:00;11.01.2019 10:00:00;1992;14330
1 890;936 807;Joker Røst;11.07.2019 20:00:00;11.05.2019 09:00:00;3992;14821
15 566;702 092;Joker Sprova;11.05.2019 08:30:00;11.03.2019 21:00:00;2107;90876
15 566;702 092;Joker Sprova;11.07.2019 12:00:00;11.05.2019 21:00:00;4898;76033
15 482;604 660;Joker Festningen;11.04.2019 12:00:00;11.01.2019 10:00:00;1209;84807
15 482;604 660;Joker Festningen;11.06.2019 10:00:00;11.05.2019 10:00:00;3218;84809
15 482;604 660;Joker Festningen;11.08.2019 08:30:00;11.06.2019 21:00:00;5120;84810
21 483;572 792;Joker Lilleby;11.04.2019 12:00:00;11.01.2019 10:00:00;1209;253308
21 483;572 792;Joker Lilleby;11.05.2019 12:00:00;11.04.2019 10:00:00;2237;262380
21 483;572 792;Joker Lilleby;11.06.2019 12:00:00;11.05.2019 10:00:00;3202;253309
21 483;572 792;Joker Lilleby;11.07.2019 12:00:00;11.06.2019 10:00:00;4204;262381
21 483;572 792;Joker Lilleby;11.08.2019 12:00:00;11.07.2019 10:00:00;5214;253310
17 502;732 198;Joker Parkveien Bodø;11.05.2019 12:30:00;11.01.2019 10:00:00;1992;99646
17 502;732 198;Joker Parkveien Bodø;11.08.2019 12:30:00;11.06.2019 09:00:00;4992;99647
4 872;679 944;Joker Reipå;11.04.2019 10:30:00;10.31.2019 21:00:00;6991;13797
4 872;679 944;Joker Reipå;11.07.2019 11:00:00;11.05.2019 09:00:00;3991;14786
22 403;629 659;Joker Samfundet;11.04.2019 18:00:00;11.01.2019 13:00:00;1502;291064
22 403;629 659;Joker Samfundet;11.05.2019 18:00:00;11.04.2019 13:00:00;2531;291065
22 403;629 659;Joker Samfundet;11.06.2019 18:00:00;11.05.2019 13:00:00;3501;291066
22 403;629 659;Joker Samfundet;11.07.2019 18:00:00;11.06.2019 13:00:00;4531;291067
22 403;629 659;Joker Samfundet;11.08.2019 18:00:00;11.07.2019 13:00:00;5402;291068
4 532;566 273;Joker Stugudal;11.05.2019 11:30:00;11.03.2019 21:00:00;2121;244196
4 532;566 273;Joker Stugudal;11.07.2019 09:00:00;11.05.2019 10:00:00;3899;244197
54;626 325;SPAR Drag;11.04.2019 11:30:00;10.31.2019 21:00:00;6991;13844
54;626 325;SPAR Drag;11.07.2019 13:00:00;11.05.2019 09:00:00;3991;14866
4 875;916 528;SPAR Dønna;11.05.2019 13:00:00;11.01.2019 10:00:00;1499;39045
4 875;916 528;SPAR Dønna;11.07.2019 08:00:00;11.05.2019 10:00:00;3799;14623
4 875;916 528;SPAR Dønna;11.09.2019 09:00:00;11.07.2019 10:00:00;5299;81058
454;248 997;SPAR Flatanger;11.04.2019 10:45:00;11.01.2019 09:00:00;1112;57949
454;248 997;SPAR Flatanger;11.06.2019 08:00:00;11.04.2019 10:00:00;2799;40670
454;248 997;SPAR Flatanger;11.08.2019 08:00:00;11.06.2019 10:00:00;4399;40672
851;214 411;SPAR Fossum;11.04.2019 08:45:00;11.01.2019 09:00:00;1122;57947
851;214 411;SPAR Fossum;11.05.2019 07:30:00;11.03.2019 21:00:00;2122;57980
851;214 411;SPAR Fossum;11.07.2019 08:30:00;11.05.2019 21:00:00;4126;12011
851;214 411;SPAR Fossum;11.08.2019 09:00:00;11.06.2019 21:00:00;5123;23066
17 582;913 863;SPAR Halsa;11.04.2019 14:00:00;10.31.2019 21:00:00;6991;99239
17 582;913 863;SPAR Halsa;11.05.2019 10:00:00;11.01.2019 10:00:00;1197;99240
17 582;913 863;SPAR Halsa;11.08.2019 10:00:00;11.06.2019 10:00:00;4197;99242
15 628;610 030;SPAR Halsøy;11.04.2019 07:30:00;10.31.2019 21:00:00;6299;85102
15 628;610 030;SPAR Halsøy;11.05.2019 08:00:00;11.01.2019 10:00:00;1399;85104
15 628;610 030;SPAR Halsøy;11.07.2019 08:00:00;11.05.2019 10:00:00;3599;85106
15 628;610 030;SPAR Halsøy;11.08.2019 07:00:00;11.06.2019 10:00:00;4999;85107
15 581;607 077;SPAR Heimdal;11.04.2019 11:30:00;11.01.2019 10:00:00;1234;84808
15 581;607 077;SPAR Heimdal;11.05.2019 12:00:00;11.04.2019 10:00:00;2236;84999
15 581;607 077;SPAR Heimdal;11.06.2019 11:30:00;11.05.2019 10:00:00;3212;96989
15 581;607 077;SPAR Heimdal;11.07.2019 12:00:00;11.06.2019 13:00:00;4213;85000
15 581;607 077;SPAR Heimdal;11.08.2019 11:00:00;11.07.2019 10:00:00;5229;85001
9 820;293 514;SPAR Herøy;11.05.2019 12:30:00;11.01.2019 10:00:00;1499;39048
9 820;293 514;SPAR Herøy;11.07.2019 08:00:00;11.05.2019 10:00:00;3799;14626
1 393;765 354;SPAR Kyvannet;11.04.2019 08:30:00;11.01.2019 09:00:00;1109;57962
1 393;765 354;SPAR Kyvannet;11.05.2019 18:00:00;11.04.2019 13:00:00;2531;57597
1 393;765 354;SPAR Kyvannet;11.06.2019 08:30:00;11.04.2019 21:00:00;3114;14470
1 393;765 354;SPAR Kyvannet;11.07.2019 12:00:00;11.06.2019 10:00:00;4234;44004
1 393;765 354;SPAR Kyvannet;11.08.2019 11:30:00;11.07.2019 10:00:00;5208;57943
1 904;470 708;SPAR Meldal;11.04.2019 10:45:00;11.01.2019 09:00:00;1122;221311
1 904;470 708;SPAR Meldal;11.05.2019 10:00:00;11.03.2019 21:00:00;2113;221314
1 904;470 708;SPAR Meldal;11.07.2019 10:00:00;11.05.2019 21:00:00;4122;221315
1 904;470 708;SPAR Meldal;11.08.2019 09:30:00;11.06.2019 21:00:00;5109;221316
449;910 828;SPAR Nesna;11.04.2019 04:00:00;10.31.2019 21:00:00;6190;26737
449;910 828;SPAR Nesna;11.07.2019 04:00:00;11.05.2019 10:00:00;3190;30210
7 040;386 193;SPAR Oppdal;11.04.2019 10:00:00;11.01.2019 09:00:00;1113;57955
7 040;386 193;SPAR Oppdal;11.06.2019 09:30:00;11.04.2019 21:00:00;3117;14508
7 040;386 193;SPAR Oppdal;11.08.2019 09:00:00;11.06.2019 21:00:00;5106;14983
97;248 534;SPAR Ottersøy;11.05.2019 07:00:00;11.01.2019 10:00:00;1299;68576
97;248 534;SPAR Ottersøy;11.07.2019 08:30:00;11.05.2019 10:00:00;3499;28756
97;248 534;SPAR Ottersøy;11.08.2019 08:00:00;11.06.2019 10:00:00;4499;41234
335;568 659;SPAR Overhalla;11.04.2019 13:00:00;11.01.2019 09:00:00;1114;244772
335;568 659;SPAR Overhalla;11.06.2019 13:45:00;11.04.2019 21:00:00;3116;244773
335;568 659;SPAR Overhalla;11.07.2019 14:30:00;11.05.2019 21:00:00;4112;244774
15 632;608 703;SPAR Rognan;11.04.2019 10:00:00;10.31.2019 21:00:00;6991;84477
15 632;608 703;SPAR Rognan;11.06.2019 09:30:00;11.04.2019 09:00:00;2991;84478
15 632;608 703;SPAR Rognan;11.08.2019 11:00:00;11.06.2019 09:00:00;4992;84479
361;405 027;SPAR Røthe Namsos;11.04.2019 12:30:00;11.01.2019 09:00:00;1112;13707
361;405 027;SPAR Røthe Namsos;11.06.2019 11:30:00;11.04.2019 21:00:00;3116;14498
361;405 027;SPAR Røthe Namsos;11.07.2019 11:30:00;11.05.2019 21:00:00;4112;14694
4 832;722 652;SPAR Sentrum Steinkjer;11.04.2019 10:00:00;11.01.2019 09:00:00;1117;95969
4 832;722 652;SPAR Sentrum Steinkjer;11.05.2019 18:00:00;11.04.2019 13:00:00;2402;95970
4 832;722 652;SPAR Sentrum Steinkjer;11.06.2019 09:30:00;11.04.2019 21:00:00;3122;95971
4 832;722 652;SPAR Sentrum Steinkjer;11.07.2019 17:00:00;11.06.2019 13:00:00;4425;95972
4 832;722 652;SPAR Sentrum Steinkjer;11.08.2019 10:30:00;11.06.2019 21:00:00;5116;95973
15 565;608 653;SPAR Sjøgata Fauske;11.04.2019 09:00:00;10.31.2019 21:00:00;6991;86049
15 565;608 653;SPAR Sjøgata Fauske;11.06.2019 11:00:00;11.04.2019 09:00:00;2991;86050
15 565;608 653;SPAR Sjøgata Fauske;11.08.2019 10:45:00;11.06.2019 09:00:00;4992;86051
400;367 078;SPAR Skage;11.04.2019 13:00:00;11.01.2019 09:00:00;1114;57952
400;367 078;SPAR Skage;11.06.2019 13:00:00;11.04.2019 21:00:00;3116;14500
400;367 078;SPAR Skage;11.07.2019 13:45:00;11.05.2019 21:00:00;4112;14697
16 762;719 252;SPAR Sørsileiret;11.04.2019 10:30:00;11.01.2019 09:00:00;1132;94941
16 762;719 252;SPAR Sørsileiret;11.05.2019 10:00:00;11.03.2019 21:00:00;2103;94942
16 762;719 252;SPAR Sørsileiret;11.06.2019 11:00:00;11.04.2019 21:00:00;3110;94943
16 762;719 252;SPAR Sørsileiret;11.07.2019 10:00:00;11.05.2019 21:00:00;4114;94944
16 762;719 252;SPAR Sørsileiret;11.08.2019 10:00:00;11.06.2019 21:00:00;5116;94945
2 321;644 922;SPAR Vega;11.04.2019 11:00:00;10.31.2019 10:00:00;5399;264320
2 321;644 922;SPAR Vega;11.05.2019 08:30:00;11.01.2019 10:00:00;1899;40333
2 321;644 922;SPAR Vega;11.06.2019 09:00:00;11.04.2019 10:00:00;2599;14368
2 321;644 922;SPAR Vega;11.08.2019 11:00:00;11.06.2019 10:00:00;4699;14892
15 575;606 152;SPAR Ørnes;11.04.2019 10:30:00;10.31.2019 21:00:00;6991;84782
15 575;606 152;SPAR Ørnes;11.05.2019 11:00:00;11.01.2019 10:00:00;1197;99236
15 575;606 152;SPAR Ørnes;11.07.2019 10:30:00;11.05.2019 09:00:00;3991;84783
4 987;918 920;MENY Lade;11.04.2019 18:00:00;11.01.2019 13:00:00;1502;21861
4 987;918 920;MENY Lade;11.05.2019 15:00:00;11.04.2019 13:00:00;2431;57590
4 987;918 920;MENY Lade;11.06.2019 16:00:00;11.05.2019 13:00:00;3401;57600
4 987;918 920;MENY Lade;11.07.2019 18:00:00;11.06.2019 13:00:00;4531;57997
4 987;918 920;MENY Lade;11.08.2019 09:30:00;11.06.2019 21:00:00;5119;57946
4 987;918 920;MENY Lade;11.09.2019 11:00:00;11.07.2019 21:00:00;6533;58336
10 443;454 553;MENY Magneten;11.04.2019 15:30:00;11.01.2019 13:00:00;1433;57584
10 443;454 553;MENY Magneten;11.05.2019 09:00:00;11.03.2019 21:00:00;2132;57982
10 443;454 553;MENY Magneten;11.06.2019 07:00:00;11.04.2019 21:00:00;3135;23994
10 443;454 553;MENY Magneten;11.07.2019 09:00:00;11.05.2019 21:00:00;4110;57993
10 443;454 553;MENY Magneten;11.08.2019 08:25:00;11.06.2019 21:00:00;5110;57938
10 443;454 553;MENY Magneten;11.09.2019 07:30:00;11.07.2019 21:00:00;6333;33355
10 444;456 632;MENY Moholt;11.04.2019 07:15:00;11.01.2019 09:00:00;1103;33503
10 444;456 632;MENY Moholt;11.05.2019 15:00:00;11.04.2019 13:00:00;2403;57595
10 444;456 632;MENY Moholt;11.06.2019 07:30:00;11.04.2019 21:00:00;3103;57974
10 444;456 632;MENY Moholt;11.07.2019 07:55:00;11.05.2019 21:00:00;4132;57994
10 444;456 632;MENY Moholt;11.08.2019 08:00:00;11.06.2019 21:00:00;5119;57939
10 444;456 632;MENY Moholt;11.09.2019 08:30:00;11.07.2019 21:00:00;6233;58337
2 367;912 758;MENY Solsiden;11.04.2019 08:15:00;11.01.2019 09:00:00;1135;57964
2 367;912 758;MENY Solsiden;11.05.2019 07:30:00;11.03.2019 21:00:00;2119;57985
2 367;912 758;MENY Solsiden;11.06.2019 08:15:00;11.04.2019 21:00:00;3107;57978
2 367;912 758;MENY Solsiden;11.07.2019 07:00:00;11.05.2019 21:00:00;4121;58406
2 367;912 758;MENY Solsiden;11.08.2019 08:00:00;11.06.2019 21:00:00;5132;57945
18 462;349 795;MENY Sverresborg;11.04.2019 08:30:00;11.01.2019 09:00:00;1109;104466
18 462;349 795;MENY Sverresborg;11.05.2019 07:30:00;11.03.2019 21:00:00;2125;104492
18 462;349 795;MENY Sverresborg;11.06.2019 08:00:00;11.04.2019 21:00:00;3112;103533
18 462;349 795;MENY Sverresborg;11.07.2019 08:00:00;11.05.2019 21:00:00;4125;104544
18 462;349 795;MENY Sverresborg;11.08.2019 09:00:00;11.06.2019 21:00:00;5137;103537
6 000;576 850;MENY Tiller;11.04.2019 07:30:00;11.01.2019 09:00:00;1116;96338
6 000;576 850;MENY Tiller;11.05.2019 07:00:00;11.03.2019 21:00:00;2135;25235
6 000;576 850;MENY Tiller;11.06.2019 07:20:00;11.04.2019 21:00:00;3119;14465
6 000;576 850;MENY Tiller;11.07.2019 07:00:00;11.05.2019 21:00:00;4103;33516
6 000;576 850;MENY Tiller;11.08.2019 07:45:00;11.06.2019 21:00:00;5107;57941
6 000;576 850;MENY Tiller;11.09.2019 07:00:00;11.07.2019 21:00:00;6233;45160
4 816;632 935;MENY Verdal;11.04.2019 09:30:00;11.01.2019 09:00:00;1107;57961
4 816;632 935;MENY Verdal;11.05.2019 08:30:00;11.03.2019 21:00:00;2103;14221
4 816;632 935;MENY Verdal;11.06.2019 09:30:00;11.04.2019 21:00:00;3110;57975
4 816;632 935;MENY Verdal;11.07.2019 10:30:00;11.05.2019 21:00:00;4110;57996
4 816;632 935;MENY Verdal;11.08.2019 10:00:00;11.06.2019 21:00:00;5110;57942
4 816;632 935;MENY Verdal;11.09.2019 08:00:00;11.07.2019 21:00:00;6333;33358
1 956;248 740;Bunnpris & Gourmet Tyholt;11.04.2019 08:00:00;11.01.2019 09:00:00;1104;104460
1 956;248 740;Bunnpris & Gourmet Tyholt;11.05.2019 15:30:00;11.04.2019 13:00:00;2403;81942
1 956;248 740;Bunnpris & Gourmet Tyholt;11.07.2019 18:30:00;11.06.2019 13:00:00;4501;104537
1 956;248 740;Bunnpris & Gourmet Tyholt;11.08.2019 15:00:00;11.07.2019 13:00:00;5402;104581
2 195;394 643;Bunnpris Brekstad;11.04.2019 11:15:00;11.01.2019 09:00:00;1106;104433
2 195;394 643;Bunnpris Brekstad;11.05.2019 09:00:00;11.03.2019 21:00:00;2109;287760
2 195;394 643;Bunnpris Brekstad;11.07.2019 09:30:00;11.05.2019 21:00:00;4106;104516
2 195;394 643;Bunnpris Brekstad;11.08.2019 12:00:00;11.06.2019 21:00:00;5104;104548
1 670;404 582;Bunnpris Brønnøysund;11.05.2019 09:45:00;11.01.2019 10:00:00;1899;104468
1 670;404 582;Bunnpris Brønnøysund;11.08.2019 09:45:00;11.06.2019 10:00:00;4299;104549
4 515;383 398;Bunnpris Buran;11.04.2019 10:00:00;11.01.2019 09:00:00;1130;104434
4 515;383 398;Bunnpris Buran;11.05.2019 12:00:00;11.04.2019 10:00:00;2237;104469
4 515;383 398;Bunnpris Buran;11.07.2019 09:00:00;11.05.2019 21:00:00;4104;104518
4 515;383 398;Bunnpris Buran;11.08.2019 09:30:00;11.06.2019 21:00:00;5105;104550
1 514;275 925;Bunnpris Guldbergaunet;11.05.2019 11:00:00;11.03.2019 21:00:00;2103;104472
1 514;275 925;Bunnpris Guldbergaunet;11.07.2019 18:00:00;11.06.2019 13:00:00;4403;104520
18 785;603 860;Bunnpris Hundhamaren;11.04.2019 09:00:00;11.01.2019 09:00:00;1103;104606
18 785;603 860;Bunnpris Hundhamaren;11.06.2019 07:30:00;11.04.2019 21:00:00;3103;104620
18 785;603 860;Bunnpris Hundhamaren;11.07.2019 15:30:00;11.06.2019 13:00:00;4402;325442
18 785;603 860;Bunnpris Hundhamaren;11.08.2019 17:00:00;11.07.2019 13:00:00;5403;104632
924;367 359;Bunnpris Jakobsli;11.04.2019 18:00:00;11.01.2019 13:00:00;1502;104441
924;367 359;Bunnpris Jakobsli;11.06.2019 12:00:00;11.05.2019 13:00:00;3206;104499
924;367 359;Bunnpris Jakobsli;11.08.2019 13:00:00;11.07.2019 10:00:00;5225;104559
381;976 548;Bunnpris Klett;11.05.2019 08:15:00;11.03.2019 21:00:00;2136;104474
381;976 548;Bunnpris Klett;11.07.2019 11:45:00;11.06.2019 10:00:00;4231;104523
381;976 548;Bunnpris Klett;11.08.2019 18:15:00;11.07.2019 13:00:00;5525;104560
4 979;916 387;Bunnpris Kvenvær;11.05.2019 11:30:00;11.03.2019 21:00:00;2101;104475
4 979;916 387;Bunnpris Kvenvær;11.08.2019 12:00:00;11.06.2019 21:00:00;5101;251549
4 952;912 469;Bunnpris Kyrksæterøra;11.04.2019 11:15:00;11.01.2019 09:00:00;1111;104443
4 952;912 469;Bunnpris Kyrksæterøra;11.06.2019 09:00:00;11.04.2019 21:00:00;3134;104501
4 952;912 469;Bunnpris Kyrksæterøra;11.08.2019 09:45:00;11.06.2019 21:00:00;5798;104562
1 059;499 418;Bunnpris Lade;11.04.2019 09:30:00;11.01.2019 09:00:00;1130;107531
1 059;499 418;Bunnpris Lade;11.06.2019 08:00:00;11.04.2019 21:00:00;3102;107337
1 059;499 418;Bunnpris Lade;11.08.2019 12:00:00;11.07.2019 10:00:00;5214;104633
18 787;498 741;Bunnpris Langmoheia;11.05.2019 04:00:00;11.01.2019 10:00:00;1190;104612
18 787;498 741;Bunnpris Langmoheia;11.08.2019 04:00:00;11.06.2019 10:00:00;4190;104634
855;496 893;Bunnpris Leirfjord;11.05.2019 09:00:00;11.01.2019 10:00:00;1399;105462
855;496 893;Bunnpris Leirfjord;11.08.2019 09:00:00;11.06.2019 10:00:00;4999;105463
259;953 174;Bunnpris Leksvik;11.04.2019 17:15:00;11.01.2019 13:00:00;1403;104444
259;953 174;Bunnpris Leksvik;11.07.2019 10:45:00;11.05.2019 21:00:00;4298;104525
259;953 174;Bunnpris Leksvik;11.08.2019 10:45:00;11.06.2019 21:00:00;5298;105003
877;207 472;Bunnpris Lerkendal;11.05.2019 08:15:00;11.03.2019 21:00:00;2118;104476
877;207 472;Bunnpris Lerkendal;11.07.2019 11:00:00;11.06.2019 10:00:00;4230;104526
877;207 472;Bunnpris Lerkendal;11.08.2019 08:00:00;11.06.2019 21:00:00;5120;104563
18 791;369 157;Bunnpris Melhus;11.04.2019 08:30:00;11.01.2019 09:00:00;1131;104608
18 791;369 157;Bunnpris Melhus;11.06.2019 12:45:00;11.05.2019 10:00:00;3225;104623
18 791;369 157;Bunnpris Melhus;11.08.2019 17:15:00;11.07.2019 13:00:00;5525;104636
238;556 100;Bunnpris Munkegaten;11.04.2019 12:00:00;11.01.2019 10:00:00;1202;237650
238;556 100;Bunnpris Munkegaten;11.06.2019 12:00:00;11.05.2019 10:00:00;3231;237651
238;556 100;Bunnpris Munkegaten;11.08.2019 12:00:00;11.07.2019 10:00:00;5220;237652
18 792;369 314;Bunnpris Olderskog;11.05.2019 10:45:00;11.01.2019 10:00:00;1399;104614
18 792;369 314;Bunnpris Olderskog;11.07.2019 10:45:00;11.05.2019 10:00:00;3599;104624
2 197;358 309;Bunnpris Oppdal;11.05.2019 16:45:00;11.04.2019 13:00:00;2401;104478
2 197;358 309;Bunnpris Oppdal;11.06.2019 11:45:00;11.04.2019 21:00:00;3117;104509
2 197;358 309;Bunnpris Oppdal;11.08.2019 10:45:00;11.06.2019 21:00:00;5106;104571
4 473;382 739;Bunnpris Orkanger;11.04.2019 10:00:00;11.01.2019 09:00:00;1119;104453
4 473;382 739;Bunnpris Orkanger;11.06.2019 09:00:00;11.04.2019 21:00:00;3121;104510
4 473;382 739;Bunnpris Orkanger;11.07.2019 16:00:00;11.06.2019 13:00:00;4433;323754
4 473;382 739;Bunnpris Orkanger;11.08.2019 10:00:00;11.06.2019 21:00:00;5135;104572
352;513 440;Bunnpris Romolslia;11.04.2019 11:00:00;11.01.2019 10:00:00;1208;109500
352;513 440;Bunnpris Romolslia;11.06.2019 18:00:00;11.05.2019 13:00:00;3531;109501
352;513 440;Bunnpris Romolslia;11.08.2019 12:00:00;11.07.2019 10:00:00;5218;109502
2 198;362 624;Bunnpris Rosenborg;11.05.2019 12:00:00;11.04.2019 10:00:00;2202;104479
2 198;362 624;Bunnpris Rosenborg;11.07.2019 09:00:00;11.05.2019 21:00:00;4134;104530
2 198;362 624;Bunnpris Rosenborg;11.08.2019 10:00:00;11.06.2019 21:00:00;5105;104573
4 333;555 631;Bunnpris Rydningen;11.04.2019 16:00:00;11.01.2019 13:00:00;1401;104454
4 333;555 631;Bunnpris Rydningen;11.06.2019 09:00:00;11.04.2019 21:00:00;3112;104511
4 333;555 631;Bunnpris Rydningen;11.08.2019 15:30:00;11.07.2019 13:00:00;5401;104574
1 660;498 428;Bunnpris Røra;11.04.2019 15:45:00;11.01.2019 13:00:00;1403;104913
1 660;498 428;Bunnpris Røra;11.06.2019 16:30:00;11.05.2019 13:00:00;3433;286305
1 660;498 428;Bunnpris Røra;11.07.2019 17:15:00;11.06.2019 13:00:00;4403;104914
3 907;498 352;Bunnpris Sandnessjøen;11.05.2019 08:45:00;11.01.2019 10:00:00;1699;104619
3 907;498 352;Bunnpris Sandnessjøen;11.07.2019 09:45:00;11.05.2019 10:00:00;3999;104630
3 333;554 352;Bunnpris Stadsbygd;11.04.2019 18:45:00;11.01.2019 13:00:00;1403;104458
3 333;554 352;Bunnpris Stadsbygd;11.05.2019 08:00:00;11.03.2019 21:00:00;2116;104483
3 333;554 352;Bunnpris Stadsbygd;11.07.2019 09:45:00;11.05.2019 21:00:00;4136;104533
138;254 664;Bunnpris Stubban;11.05.2019 12:00:00;11.04.2019 10:00:00;2218;104484
138;254 664;Bunnpris Stubban;11.07.2019 12:30:00;11.06.2019 10:00:00;4220;104534
138;254 664;Bunnpris Stubban;11.08.2019 16:30:00;11.07.2019 13:00:00;5425;104579
1 462;226 936;Bunnpris Verdal;11.04.2019 17:45:00;11.01.2019 13:00:00;1433;104462
1 462;226 936;Bunnpris Verdal;11.05.2019 16:00:00;11.04.2019 13:00:00;2402;310071
1 462;226 936;Bunnpris Verdal;11.07.2019 16:15:00;11.06.2019 13:00:00;4403;104539
3 135;355 826;Bunnpris Vestlia;11.05.2019 07:45:00;11.03.2019 21:00:00;2135;104615
3 135;355 826;Bunnpris Vestlia;11.07.2019 12:15:00;11.06.2019 10:00:00;4203;104626
3 135;355 826;Bunnpris Vestlia;11.08.2019 12:30:00;11.07.2019 13:00:00;5235;104638
1 121;254 912;Bunnpris Vikåsen;11.04.2019 15:30:00;11.01.2019 13:00:00;1402;104463
1 121;254 912;Bunnpris Vikåsen;11.05.2019 13:00:00;11.04.2019 10:00:00;2208;104488
1 121;254 912;Bunnpris Vikåsen;11.07.2019 15:30:00;11.06.2019 13:00:00;4401;104541
1 121;254 912;Bunnpris Vikåsen;11.08.2019 15:15:00;11.07.2019 13:00:00;5431;104583
849;467 951;Bunnpris Vormstad;11.04.2019 11:00:00;11.01.2019 09:00:00;1119;104464
849;467 951;Bunnpris Vormstad;11.07.2019 10:00:00;11.05.2019 21:00:00;4135;104542
849;467 951;Bunnpris Vormstad;11.08.2019 10:15:00;11.06.2019 21:00:00;5109;104584
36;248 849;Bunnpris Angelltrøa;11.04.2019 15:00:00;11.01.2019 13:00:00;1402;104431
36;248 849;Bunnpris Angelltrøa;11.06.2019 09:30:00;11.04.2019 21:00:00;3125;105573
36;248 849;Bunnpris Angelltrøa;11.07.2019 17:45:00;11.06.2019 13:00:00;4531;105206
36;248 849;Bunnpris Angelltrøa;11.08.2019 15:30:00;11.07.2019 13:00:00;5425;104546
18 784;498 295;Bunnpris Aspmyra;11.05.2019 13:45:00;11.01.2019 10:00:00;1992;104617
18 784;498 295;Bunnpris Aspmyra;11.07.2019 13:45:00;11.05.2019 09:00:00;3992;104627
1 056;364 190;Bunnpris Båsmoen;11.04.2019 04:00:00;10.31.2019 21:00:00;6190;104435
1 056;364 190;Bunnpris Båsmoen;11.06.2019 04:00:00;11.04.2019 10:00:00;2190;104495
1 056;364 190;Bunnpris Båsmoen;11.08.2019 04:00:00;11.06.2019 10:00:00;4190;104551
898;252 544;Bunnpris Flatåsen;11.04.2019 18:00:00;11.01.2019 13:00:00;1501;104437
898;252 544;Bunnpris Flatåsen;11.06.2019 08:30:00;11.04.2019 21:00:00;3114;104496
898;252 544;Bunnpris Flatåsen;11.07.2019 19:00:00;11.06.2019 13:00:00;4501;281824
898;252 544;Bunnpris Flatåsen;11.08.2019 18:30:00;11.07.2019 13:00:00;5501;104554
4 847;676 544;Bunnpris Gruben;11.04.2019 10:45:00;10.31.2019 21:00:00;6190;104438
4 847;676 544;Bunnpris Gruben;11.06.2019 10:45:00;11.04.2019 10:00:00;2190;109299
4 847;676 544;Bunnpris Gruben;11.08.2019 10:45:00;11.06.2019 10:00:00;4190;104555
4 284;500 876;Bunnpris Grønnåsen;11.04.2019 12:30:00;10.31.2019 21:00:00;6992;104915
4 284;500 876;Bunnpris Grønnåsen;11.06.2019 12:30:00;11.04.2019 09:00:00;2992;104916
4 284;500 876;Bunnpris Grønnåsen;11.08.2019 11:00:00;11.06.2019 09:00:00;4992;104917
1 146;254 177;Bunnpris Heimdal;11.05.2019 13:00:00;11.04.2019 10:00:00;2236;104473
1 146;254 177;Bunnpris Heimdal;11.07.2019 08:30:00;11.05.2019 21:00:00;4131;104522
1 146;254 177;Bunnpris Heimdal;11.08.2019 18:30:00;11.07.2019 13:00:00;5525;104557
52;896 563;Bunnpris Klæbu ;11.04.2019 18:15:00;11.01.2019 13:00:00;1501;104442
52;896 563;Bunnpris Klæbu ;11.06.2019 10:45:00;11.04.2019 21:00:00;3111;104500
52;896 563;Bunnpris Klæbu ;11.08.2019 17:00:00;11.07.2019 13:00:00;5502;104561
18 789;438 044;Bunnpris Levangernesset;11.05.2019 09:00:00;11.03.2019 21:00:00;2132;104613
18 789;438 044;Bunnpris Levangernesset;11.06.2019 16:00:00;11.05.2019 13:00:00;3425;104622
18 789;438 044;Bunnpris Levangernesset;11.08.2019 08:30:00;11.06.2019 21:00:00;5103;104635
260;248 864;Bunnpris Moholt;11.04.2019 12:30:00;11.01.2019 13:00:00;1204;104448
260;248 864;Bunnpris Moholt;11.06.2019 08:30:00;11.04.2019 21:00:00;3137;234372
260;248 864;Bunnpris Moholt;11.08.2019 15:00:00;11.07.2019 13:00:00;5431;104566
5 077;981 522;Bunnpris Mosjøen;11.04.2019 10:45:00;10.31.2019 21:00:00;6299;104449
5 077;981 522;Bunnpris Mosjøen;11.06.2019 10:45:00;11.04.2019 10:00:00;2399;104506
5 077;981 522;Bunnpris Mosjøen;11.08.2019 09:30:00;11.06.2019 10:00:00;4999;104567
2 015;492 017;Bunnpris Samfundet;11.04.2019 11:30:00;11.01.2019 10:00:00;1202;104456
2 015;492 017;Bunnpris Samfundet;11.05.2019 12:30:00;11.04.2019 10:00:00;2224;104480
2 015;492 017;Bunnpris Samfundet;11.07.2019 07:00:00;11.05.2019 21:00:00;4118;104532
2 015;492 017;Bunnpris Samfundet;11.08.2019 08:30:00;11.06.2019 21:00:00;5118;104575
8 600;248 781;Bunnpris Skogn;11.05.2019 08:30:00;11.03.2019 21:00:00;2103;104482
8 600;248 781;Bunnpris Skogn;11.06.2019 15:45:00;11.05.2019 13:00:00;3425;104513
8 600;248 781;Bunnpris Skogn;11.08.2019 08:00:00;11.06.2019 21:00:00;5103;104578
882;254 110;Bunnpris & Gourmet Elgeseter;11.04.2019 08:00:00;11.01.2019 09:00:00;1102;104436
882;254 110;Bunnpris & Gourmet Elgeseter;11.05.2019 19:00:00;11.04.2019 13:00:00;2531;104470
882;254 110;Bunnpris & Gourmet Elgeseter;11.06.2019 19:00:00;11.05.2019 13:00:00;3501;287781
882;254 110;Bunnpris & Gourmet Elgeseter;11.07.2019 09:00:00;11.05.2019 21:00:00;4103;104519
882;254 110;Bunnpris & Gourmet Elgeseter;11.08.2019 08:30:00;11.06.2019 21:00:00;5121;105589
2 275;571 133;Bunnpris & Gourmet Mo;11.04.2019 04:00:00;10.31.2019 21:00:00;6190;245339
2 275;571 133;Bunnpris & Gourmet Mo;11.06.2019 08:00:00;11.04.2019 10:00:00;2190;245340
2 275;571 133;Bunnpris & Gourmet Mo;11.08.2019 04:00:00;11.06.2019 10:00:00;4190;245341
923;254 599;Bunnpris & Gourmet Nidarvoll;11.04.2019 07:30:00;11.01.2019 09:00:00;1134;104451
923;254 599;Bunnpris & Gourmet Nidarvoll;11.05.2019 14:45:00;11.04.2019 13:00:00;2403;104477
923;254 599;Bunnpris & Gourmet Nidarvoll;11.07.2019 08:00:00;11.05.2019 21:00:00;4103;104528
923;254 599;Bunnpris & Gourmet Nidarvoll;11.08.2019 16:00:00;11.07.2019 13:00:00;5403;104569
1 957;248 880;Bunnpris & Gourmet Nyborg;11.04.2019 16:00:00;11.01.2019 13:00:00;1401;104452
1 957;248 880;Bunnpris & Gourmet Nyborg;11.06.2019 11:30:00;11.05.2019 10:00:00;3213;104508
1 957;248 880;Bunnpris & Gourmet Nyborg;11.07.2019 13:00:00;11.06.2019 10:00:00;4234;104529
1 957;248 880;Bunnpris & Gourmet Nyborg;11.08.2019 16:30:00;11.07.2019 13:00:00;5401;104570
2 196;364 109;Bunnpris Havstad;11.04.2019 12:00:00;11.01.2019 10:00:00;1231;104439
2 196;364 109;Bunnpris Havstad;11.06.2019 12:30:00;11.05.2019 10:00:00;3214;104497
2 196;364 109;Bunnpris Havstad;11.07.2019 08:30:00;11.05.2019 21:00:00;4125;104521
2 196;364 109;Bunnpris Havstad;11.08.2019 15:45:00;11.07.2019 13:00:00;5401;104556
1 532;254 888;Bunnpris Tonstad;11.04.2019 12:30:00;11.01.2019 10:00:00;1234;96063
1 532;254 888;Bunnpris Tonstad;11.05.2019 13:00:00;11.04.2019 10:00:00;2220;104486
1 532;254 888;Bunnpris Tonstad;11.07.2019 15:00:00;11.06.2019 13:00:00;4401;104536
1 532;254 888;Bunnpris Tonstad;11.08.2019 18:00:00;11.07.2019 13:00:00;5501;104580
2 135;845 198;Bunnpris Ila;11.04.2019 13:00:00;11.01.2019 10:00:00;1218;104440
2 135;845 198;Bunnpris Ila;11.06.2019 12:00:00;11.05.2019 10:00:00;3230;104498
2 135;845 198;Bunnpris Ila;11.08.2019 07:45:00;11.06.2019 21:00:00;5124;104558
4 596;494 310;Bunnpris Leüthen;11.04.2019 12:30:00;11.01.2019 10:00:00;1224;104445
4 596;494 310;Bunnpris Leüthen;11.06.2019 08:30:00;11.04.2019 21:00:00;3113;104502
4 596;494 310;Bunnpris Leüthen;11.08.2019 12:30:00;11.07.2019 10:00:00;5236;104564
1 654;310 508;Bunnpris Sandmoen;11.04.2019 07:30:00;11.01.2019 09:00:00;1131;104457
1 654;310 508;Bunnpris Sandmoen;11.06.2019 12:00:00;11.05.2019 10:00:00;3214;104512
1 654;310 508;Bunnpris Sandmoen;11.08.2019 07:30:00;11.06.2019 21:00:00;5114;104576
261;274 548;Bunnpris Ugla ;11.04.2019 13:00:00;11.01.2019 10:00:00;1231;104461
261;274 548;Bunnpris Ugla ;11.06.2019 09:00:00;11.04.2019 21:00:00;3114;104514
261;274 548;Bunnpris Ugla ;11.08.2019 09:00:00;11.06.2019 21:00:00;5124;104582